{"content":[{"id":"1a1282c9","settings":{"background_background":"classic","background_image":{"url":"https:\/\/demo.rossdigitall.club\/wp-content\/uploads\/2022\/03\/backgound-lipocaps-main.jpg","id":142,"alt":"","source":"library"},"background_position":"center left","background_repeat":"no-repeat","background_size":"cover","margin":{"unit":"px","top":"0","right":0,"bottom":"0","left":0,"isLinked":true},"padding":{"unit":"px","top":"100","right":"0","bottom":"100","left":"0","isLinked":false}},"elements":[{"id":"3c9242c4","settings":{"_column_size":100,"_inline_size":null},"elements":[{"id":"7721986b","settings":{"title":"CONTROLE O SEU PESO E TENHA MAIS SA\u00daDE","header_size":"h3","align":"center","title_color":"#2daaa2","typography_typography":"custom","typography_font_family":"Montserrat","typography_font_size_mobile":{"unit":"em","size":1.5,"sizes":[]}},"elements":[],"isInner":false,"widgetType":"heading","elType":"widget"},{"id":"2d68fb19","settings":{"title":"SEM PASSAR FOME","header_size":"h3","align":"center","title_color":"#2daaa2","typography_typography":"custom","typography_font_family":"Montserrat","typography_font_size":{"unit":"rem","size":3,"sizes":[]},"typography_font_size_tablet":{"unit":"em","size":"","sizes":[]},"typography_font_size_mobile":{"unit":"em","size":2.5,"sizes":[]},"typography_font_weight":"800"},"elements":[],"isInner":false,"widgetType":"heading","elType":"widget"},{"id":"35221942","settings":[],"elements":[{"id":"1e61be23","settings":{"_column_size":100,"_inline_size":100,"padding":{"unit":"px","top":"0","right":"150","bottom":"0","left":"150","isLinked":false},"padding_mobile":{"unit":"px","top":"0","right":"0","bottom":"0","left":"0","isLinked":true}},"elements":[{"id":"26373eb0","settings":{"youtube_url":"https:\/\/www.youtube.com\/watch?v=XHOmBV4js_E","vimeo_url":"https:\/\/vimeo.com\/235215203","dailymotion_url":"https:\/\/www.dailymotion.com\/video\/x6tqhqb","show_image_overlay":"yes","image_overlay":{"id":138,"url":"https:\/\/demo.rossdigitall.club\/wp-content\/uploads\/2022\/03\/lipo-caps-banner.png","alt":"","source":"library"},"_padding":{"unit":"px","top":"0","right":"0","bottom":"0","left":"0","isLinked":false},"_border_radius":{"unit":"px","top":"20","right":"20","bottom":"20","left":"20","isLinked":true},"_box_shadow_box_shadow_type":"yes","_box_shadow_box_shadow":{"horizontal":0,"vertical":4,"blur":5,"spread":0,"color":"rgba(0, 0, 0, 0.24)"}},"elements":[],"isInner":false,"widgetType":"video","elType":"widget"},{"id":"33de5031","settings":{"text":"COMPRAR AGORA","align":"center","size":"xl","background_color":"#FF6700","border_radius":{"unit":"px","top":"50","right":"50","bottom":"50","left":"50","isLinked":true},"typography_typography":"custom","typography_font_family":"Montserrat","typography_font_size":{"unit":"rem","size":"","sizes":[]},"typography_font_size_tablet":{"unit":"em","size":"","sizes":[]},"typography_font_size_mobile":{"unit":"em","size":"","sizes":[]},"typography_font_weight":"700","typography_letter_spacing":{"unit":"px","size":0.8,"sizes":[]},"typography_word_spacing":{"unit":"px","size":0,"sizes":[]},"text_padding":{"unit":"px","top":"18","right":"50","bottom":"18","left":"50","isLinked":false},"_margin":{"unit":"px","top":"20","right":"0","bottom":"0","left":"0","isLinked":false},"_margin_mobile":{"unit":"px","top":"0","right":"0","bottom":"0","left":"0","isLinked":true}},"elements":[],"isInner":false,"widgetType":"button","elType":"widget"},{"id":"3060bbe","settings":{"image":{"url":"https:\/\/demo.rossdigitall.club\/wp-content\/uploads\/2022\/03\/compra-segura.png","id":143,"alt":"","source":"library"},"image_size":"medium","align":"center"},"elements":[],"isInner":false,"widgetType":"image","elType":"widget"}],"isInner":true,"elType":"column"}],"isInner":true,"elType":"section"}],"isInner":false,"elType":"column"}],"isInner":false,"elType":"section"},{"id":"ad14d58","settings":{"background_background":"classic","background_color":"#F9F9F900","margin":{"unit":"px","top":"30","right":0,"bottom":"0","left":0,"isLinked":false}},"elements":[{"id":"67b451c7","settings":{"_column_size":100},"elements":[{"id":"5556ce30","settings":{"title":"Veja o que o LIPOCAPS vai fazer no seu corpo:","header_size":"h3","align":"center","title_color":"#2daaa2","_margin":{"unit":"px","top":"10","right":"0","bottom":"0","left":"0","isLinked":false},"typography_typography":"custom","typography_font_family":"Montserrat","typography_font_weight":"700"},"elements":[],"isInner":false,"widgetType":"heading","elType":"widget"}],"isInner":false,"elType":"column"}],"isInner":false,"elType":"section"},{"id":"53b2d531","settings":{"structure":"30","background_background":"classic","background_color":"#F9F9F900"},"elements":[{"id":"58787c0","settings":{"_column_size":33,"_inline_size":null},"elements":[{"id":"3a72b649","settings":{"title_text":"Sensa\u00e7\u00e3o de Saciedade","description_text":"Composto de fibras que o organismo  demora mais para processar , dessa forma o organismo ir\u00e1 necessitar de uma menor quantidade de alimentos, portanto gerando uma saciedade maior.\n","title_size":"h4","image_space":{"unit":"px","size":0,"sizes":[]},"image_size":{"unit":"%","size":40,"sizes":[]},"title_color":"#2daaa2","description_typography_typography":"custom","description_typography_font_weight":"300","image":{"url":"https:\/\/demo.rossdigitall.club\/wp-content\/uploads\/2022\/03\/beneficio1.png","id":155,"alt":"","source":"library"},"title_typography_typography":"custom","title_typography_font_family":"Montserrat","title_typography_font_weight":"600"},"elements":[],"isInner":false,"widgetType":"image-box","elType":"widget"}],"isInner":false,"elType":"column"},{"id":"1fb76d6e","settings":{"_column_size":33,"_inline_size":null},"elements":[{"id":"58a90549","settings":{"title_text":"Queima de Gordura","description_text":"Como o LIPOCAPS cont\u00e9m derivados de alimentos termog\u00eanicos ele acelera o processo de queima de gordura, fazendo assim com que voc\u00ea gaste as calorias que come o mais r\u00e1pido poss\u00edvel.\n","title_size":"h4","image_space":{"unit":"px","size":0,"sizes":[]},"image_size":{"unit":"%","size":40,"sizes":[]},"title_color":"#2daaa2","description_typography_typography":"custom","description_typography_font_weight":"300","image":{"url":"https:\/\/demo.rossdigitall.club\/wp-content\/uploads\/2022\/03\/beneficio2.png","id":160,"alt":"","source":"library"},"title_typography_typography":"custom","title_typography_font_family":"Montserrat","title_typography_font_size_tablet":{"unit":"em","size":"","sizes":[]},"title_typography_font_size_mobile":{"unit":"em","size":"","sizes":[]},"title_typography_font_weight":"600"},"elements":[],"isInner":false,"widgetType":"image-box","elType":"widget"}],"isInner":false,"elType":"column"},{"id":"44fef81b","settings":{"_column_size":33,"_inline_size":null},"elements":[{"id":"40198d66","settings":{"title_text":"Retarda o Envelhecimento","description_text":"Ajuda na absor\u00e7\u00e3o correta dos nutrientes: A biotina, contribui para o metabolismo de carboidratos, gorduras e prote\u00ednas e ajuda a fortalecer unhas e cabelos.\n\n","title_size":"h4","image_space":{"unit":"px","size":0,"sizes":[]},"image_size":{"unit":"%","size":40,"sizes":[]},"title_color":"#2daaa2","description_typography_typography":"custom","description_typography_font_weight":"300","image":{"url":"https:\/\/demo.rossdigitall.club\/wp-content\/uploads\/2022\/03\/beneficio3.png","id":159,"alt":"","source":"library"},"title_typography_typography":"custom","title_typography_font_family":"Montserrat","title_typography_font_weight":"600"},"elements":[],"isInner":false,"widgetType":"image-box","elType":"widget"}],"isInner":false,"elType":"column"}],"isInner":false,"elType":"section"},{"id":"4801076","settings":{"structure":"30","background_background":"classic","background_color":"#F9F9F900"},"elements":[{"id":"7fe4a162","settings":{"_column_size":33,"_inline_size":null},"elements":[{"id":"3c411a7a","settings":{"title_text":"Barriga Chapada","description_text":"Como consequ\u00eancia da \u201ca\u00e7\u00e3o detox\u201d, o LIPOCAPS promove a elimina\u00e7\u00e3o de gordura e impurezas do organismo, promovendo um efeito de barriga chapada\n\n","title_size":"h4","image_space":{"unit":"px","size":0,"sizes":[]},"image_size":{"unit":"%","size":40,"sizes":[]},"title_color":"#2daaa2","description_typography_typography":"custom","description_typography_font_weight":"300","image":{"url":"https:\/\/demo.rossdigitall.club\/wp-content\/uploads\/2022\/03\/beneficio4.png","id":158,"alt":"","source":"library"},"title_typography_typography":"custom","title_typography_font_family":"Montserrat","title_typography_font_weight":"600"},"elements":[],"isInner":false,"widgetType":"image-box","elType":"widget"}],"isInner":false,"elType":"column"},{"id":"6809476d","settings":{"_column_size":33,"_inline_size":null},"elements":[{"id":"4650a88e","settings":{"title_text":"Elimina as Celulites","description_text":"Por Possuir a\u00e7\u00e3o anti-inflamat\u00f3ria e desintoxicante, que facilita na diminui\u00e7\u00e3o da reten\u00e7\u00e3o de l\u00edquidos, auxilia na elimina\u00e7\u00e3o das celulites.\n\n","title_size":"h4","image_space":{"unit":"px","size":0,"sizes":[]},"image_size":{"unit":"%","size":40,"sizes":[]},"title_color":"#2daaa2","description_typography_typography":"custom","description_typography_font_weight":"300","image":{"url":"https:\/\/demo.rossdigitall.club\/wp-content\/uploads\/2022\/03\/beneficio5.png","id":157,"alt":"","source":"library"},"title_typography_typography":"custom","title_typography_font_family":"Montserrat","title_typography_font_weight":"600"},"elements":[],"isInner":false,"widgetType":"image-box","elType":"widget"}],"isInner":false,"elType":"column"},{"id":"2d23633a","settings":{"_column_size":33,"_inline_size":null},"elements":[{"id":"10587817","settings":{"title_text":"Emagrece Rido","description_text":"Devido a presen\u00e7a de alguns componentes naturais, elimina as impurezas que dificultam o processo de emagrecimento. Tornando o processo mais r\u00e1pido.\n\n\n","title_size":"h4","image_space":{"unit":"px","size":0,"sizes":[]},"image_size":{"unit":"%","size":40,"sizes":[]},"title_color":"#2daaa2","description_typography_typography":"custom","description_typography_font_weight":"300","image":{"url":"https:\/\/demo.rossdigitall.club\/wp-content\/uploads\/2022\/03\/beneficio6.png","id":156,"alt":"","source":"library"},"title_typography_typography":"custom","title_typography_font_family":"Montserrat","title_typography_font_weight":"600"},"elements":[],"isInner":false,"widgetType":"image-box","elType":"widget"}],"isInner":false,"elType":"column"}],"isInner":false,"elType":"section"},{"id":"3e1f9997","settings":{"background_background":"classic","background_color":"#FFFFFF00"},"elements":[{"id":"5707fcd5","settings":{"_column_size":100},"elements":[{"id":"325ba2af","settings":{"text":"COMPRAR AGORA","align":"center","size":"xl","background_color":"#FF6700","border_radius":{"unit":"px","top":"37","right":"37","bottom":"37","left":"37","isLinked":true},"typography_typography":"custom","typography_font_family":"Montserrat","typography_font_size":{"unit":"rem","size":"","sizes":[]},"typography_font_size_tablet":{"unit":"em","size":"","sizes":[]},"typography_font_size_mobile":{"unit":"em","size":"","sizes":[]},"typography_font_weight":"700","typography_letter_spacing":{"unit":"px","size":0.8,"sizes":[]},"typography_word_spacing":{"unit":"px","size":0,"sizes":[]},"text_padding":{"unit":"px","top":"18","right":"50","bottom":"18","left":"50","isLinked":false},"_margin":{"unit":"px","top":"20","right":"0","bottom":"0","left":"0","isLinked":false}},"elements":[],"isInner":false,"widgetType":"button","elType":"widget"}],"isInner":false,"elType":"column"}],"isInner":false,"elType":"section"},{"id":"1a9a9682","settings":{"background_background":"classic","background_color":"#F9F9F900"},"elements":[{"id":"7d261bb3","settings":{"_column_size":100},"elements":[{"id":"6e80e7f1","settings":{"image":{"url":"https:\/\/demo.rossdigitall.club\/wp-content\/uploads\/2022\/03\/compra-segura.png","id":143,"alt":"","source":"library"},"image_size":"medium","align":"center"},"elements":[],"isInner":false,"widgetType":"image","elType":"widget"}],"isInner":false,"elType":"column"}],"isInner":false,"elType":"section"},{"id":"75aaf783","settings":{"background_background":"classic","background_color":"#f9f9f9","margin":{"unit":"px","top":"0","right":0,"bottom":"0","left":0,"isLinked":false},"padding":{"unit":"px","top":"75","right":"0","bottom":"20","left":"0","isLinked":false}},"elements":[{"id":"4cd36590","settings":{"_column_size":100},"elements":[{"id":"4adaf2e9","settings":{"title":"Depoimentos de quem j\u00e1 EXPERIMENTOU!","header_size":"h3","align":"center","title_color":"#2daaa2","typography_typography":"custom","typography_font_family":"Montserrat","typography_font_weight":"700"},"elements":[],"isInner":false,"widgetType":"heading","elType":"widget"}],"isInner":false,"elType":"column"}],"isInner":false,"elType":"section"},{"id":"1c6a1026","settings":{"background_background":"classic","background_color":"#f9f9f9","margin":{"unit":"px","top":"0","right":0,"bottom":"75","left":0,"isLinked":false}},"elements":[{"id":"616125c5","settings":{"_column_size":100},"elements":[{"id":"6e822cf","settings":{"thumbnail_size":"large","carousel":[{"id":144,"url":"https:\/\/demo.rossdigitall.club\/wp-content\/uploads\/2022\/03\/inibium-dep8.jpg"},{"id":145,"url":"https:\/\/demo.rossdigitall.club\/wp-content\/uploads\/2022\/03\/inibium-dep7.jpg"},{"id":146,"url":"https:\/\/demo.rossdigitall.club\/wp-content\/uploads\/2022\/03\/inibium-dep1.jpg"},{"id":147,"url":"https:\/\/demo.rossdigitall.club\/wp-content\/uploads\/2022\/03\/inibium-dep2.jpg"},{"id":148,"url":"https:\/\/demo.rossdigitall.club\/wp-content\/uploads\/2022\/03\/inibium-dep3.jpg"},{"id":149,"url":"https:\/\/demo.rossdigitall.club\/wp-content\/uploads\/2022\/03\/inibium-dep4.jpg"},{"id":150,"url":"https:\/\/demo.rossdigitall.club\/wp-content\/uploads\/2022\/03\/inibium-dep5.jpg"},{"id":151,"url":"https:\/\/demo.rossdigitall.club\/wp-content\/uploads\/2022\/03\/inibium-dep6.jpg"}],"slides_to_show":"4","slides_to_scroll":"2","autoplay_speed":3000,"arrows_position":"outside","dots_position":"inside","image_spacing":"custom","image_spacing_custom":{"unit":"px","size":6,"sizes":[]}},"elements":[],"isInner":false,"widgetType":"image-carousel","elType":"widget"}],"isInner":false,"elType":"column"}],"isInner":false,"elType":"section"},{"id":"7fe21fa3","settings":{"background_background":"classic","background_color":"#06423E","margin":{"unit":"px","top":"0","right":0,"bottom":"0","left":0,"isLinked":true},"padding":{"unit":"px","top":"75","right":"0","bottom":"0","left":"0","isLinked":false}},"elements":[{"id":"610fb238","settings":{"_column_size":100},"elements":[{"id":"3379de77","settings":{"title":"Sua sa\u00fade nunca custou t\u00e3o pouco...","header_size":"h3","align":"center","title_color":"#ffffff","typography_typography":"custom","typography_font_family":"Montserrat","typography_font_size":{"unit":"em","size":2,"sizes":[]},"typography_font_size_tablet":{"unit":"em","size":"","sizes":[]},"typography_font_size_mobile":{"unit":"em","size":"","sizes":[]},"typography_font_weight":"700"},"elements":[],"isInner":false,"widgetType":"heading","elType":"widget"}],"isInner":false,"elType":"column"}],"isInner":false,"elType":"section"},{"id":"5a30252e","settings":{"structure":"20","background_background":"classic","background_color":"#06423E","margin":{"unit":"px","top":"0","right":0,"bottom":"0","left":0,"isLinked":false},"padding":{"unit":"px","top":"10","right":"0","bottom":"100","left":"0","isLinked":false},"content_width":{"unit":"px","size":900,"sizes":[]}},"elements":[{"id":"15e8d22","settings":{"_column_size":50,"_inline_size":50},"elements":[{"id":"4b00558b","settings":{"link_to":"custom","link":{"url":"www,seulinkdeafiliado.com","is_external":"","nofollow":""},"image":{"url":"https:\/\/demo.rossdigitall.club\/wp-content\/uploads\/2022\/03\/3-POTES.png","id":165,"alt":"","source":"library"},"_margin":{"unit":"px","top":"0","right":"30","bottom":"0","left":"100","isLinked":false},"_margin_mobile":{"unit":"px","top":"0","right":"50","bottom":"0","left":"50","isLinked":false}},"elements":[],"isInner":false,"widgetType":"image","elType":"widget"}],"isInner":false,"elType":"column"},{"id":"381875d7","settings":{"_column_size":50,"_inline_size":50},"elements":[{"id":"345cf304","settings":{"link_to":"custom","link":{"url":"www,seulinkdeafiliado.com","is_external":"","nofollow":""},"image":{"url":"https:\/\/demo.rossdigitall.club\/wp-content\/uploads\/2022\/03\/1POTE.jpg","id":166,"alt":"","source":"library"},"_margin":{"unit":"px","top":"0","right":"100","bottom":"0","left":"30","isLinked":false},"_margin_mobile":{"unit":"px","top":"0","right":"50","bottom":"0","left":"50","isLinked":false}},"elements":[],"isInner":false,"widgetType":"image","elType":"widget"}],"isInner":false,"elType":"column"}],"isInner":false,"elType":"section"},{"id":"13f7a5df","settings":{"background_background":"classic","background_color":"#2DAAA200","margin":{"unit":"px","top":"75","right":0,"bottom":"0","left":0,"isLinked":false},"padding":{"unit":"px","top":"15","right":"0","bottom":"15","left":"0","isLinked":false}},"elements":[{"id":"19a13196","settings":{"_column_size":100},"elements":[{"id":"2bd9ff39","settings":{"title":"N\u00e3o tem o h\u00e1bito de comprar na internet? Fique tranquila!","header_size":"h3","align":"center","title_color":"#2DAAA2","typography_typography":"custom","typography_font_family":"Montserrat","typography_font_weight":"600"},"elements":[],"isInner":false,"widgetType":"heading","elType":"widget"}],"isInner":false,"elType":"column"}],"isInner":false,"elType":"section"},{"id":"58890600","settings":{"structure":"30","background_background":"classic","background_color":"#F9F9F900"},"elements":[{"id":"334bcfb0","settings":{"_column_size":33,"_inline_size":null},"elements":[{"id":"6654d300","settings":{"title_text":"SIGILO","description_text":"Dados sigilosos e pessoais n\u00e3o s\u00e3o compartilhados de nenhuma forma.\n\n","title_size":"h4","title_color":"#2daaa2","image":{"url":"https:\/\/demo.rossdigitall.club\/wp-content\/uploads\/2022\/03\/cofre-compra-segura.png","id":162,"alt":"","source":"library"},"title_typography_typography":"custom","title_typography_font_family":"Montserrat","title_typography_font_weight":"700"},"elements":[],"isInner":false,"widgetType":"image-box","elType":"widget"}],"isInner":false,"elType":"column"},{"id":"5181a1a7","settings":{"_column_size":33,"_inline_size":null},"elements":[{"id":"1e4d0e64","settings":{"title_text":"ENT\u200bREGA GARANTIDA","description_text":"Entrega garantida no prazo combinado e pol\u00edtica de devolu\u00e7\u00e3o.\n\n","title_size":"h4","title_color":"#2daaa2","image":{"url":"https:\/\/demo.rossdigitall.club\/wp-content\/uploads\/2022\/03\/Entrega-garantida.png","id":164,"alt":"","source":"library"},"title_typography_typography":"custom","title_typography_font_family":"Montserrat","title_typography_font_weight":"700"},"elements":[],"isInner":false,"widgetType":"image-box","elType":"widget"}],"isInner":false,"elType":"column"},{"id":"266f5f87","settings":{"_column_size":33,"_inline_size":null},"elements":[{"id":"3e16643a","settings":{"title_text":"SITE SEGURO","description_text":"Site 100% confi\u00e1vel e autenticado por empresas de seguran\u00e7a.\n\n","title_size":"h4","title_color":"#2daaa2","image":{"url":"https:\/\/demo.rossdigitall.club\/wp-content\/uploads\/2022\/03\/cofre-compra-segura.png","id":162,"alt":"","source":"library"},"title_typography_typography":"custom","title_typography_font_family":"Montserrat","title_typography_font_weight":"700"},"elements":[],"isInner":false,"widgetType":"image-box","elType":"widget"}],"isInner":false,"elType":"column"}],"isInner":false,"elType":"section"},{"id":"41d8a2fe","settings":{"background_background":"classic","background_color":"#FFFFFF00","margin":{"unit":"px","top":"75","right":0,"bottom":"0","left":0,"isLinked":false}},"elements":[{"id":"358941b2","settings":{"_column_size":100},"elements":[{"id":"77cb3a85","settings":{"title":"D\u00favidas Frequentes","header_size":"h3","align":"center","title_color":"#2daaa2","_margin":{"unit":"px","top":"20","right":"0","bottom":"20","left":"0","isLinked":false},"typography_typography":"custom","typography_font_family":"Montserrat","typography_font_weight":"700"},"elements":[],"isInner":false,"widgetType":"heading","elType":"widget"}],"isInner":false,"elType":"column"}],"isInner":false,"elType":"section"},{"id":"44d72f8e","settings":[],"elements":[{"id":"3e3d523","settings":{"_column_size":100},"elements":[{"id":"c70aaf9","settings":{"tabs":[{"tab_title":"Duvida 1","tab_content":"<p>Resposta<\/p>","_id":"6ea5e82"},{"tab_title":"Duvida 2","tab_content":"<p>Resposta<\/p>","_id":"f900cfd"},{"tab_title":"Duvida 3","tab_content":"<p>Resposta<\/p>","_id":"57db922"},{"tab_title":"Duvida 4","tab_content":"<p>Resposta<\/p>","_id":"93caac6"}],"selected_icon":{"value":"fas fa-plus","library":"fa-solid"},"selected_active_icon":{"value":"fas fa-plus-square","library":"fa-solid"},"border_width":{"unit":"px","size":1,"sizes":[]},"space_between":{"unit":"px","size":0,"sizes":[]},"title_color":"#2daaa2","tab_active_color":"#2daaa2","icon_align":"right","icon_space":{"unit":"px","size":0,"sizes":[]},"title_typography_typography":"custom","title_typography_font_family":"Montserrat","content_typography_typography":"custom","content_typography_font_family":"Montserrat"},"elements":[],"isInner":false,"widgetType":"toggle","elType":"widget"}],"isInner":false,"elType":"column"}],"isInner":false,"elType":"section"},{"id":"665bd80d","settings":{"margin":{"unit":"px","top":"75","right":0,"bottom":"0","left":0,"isLinked":false}},"elements":[{"id":"e8fe44a","settings":{"_column_size":100},"elements":[{"id":"65f5e29b","settings":{"title":"SATISFA\u00c7\u00c3O 100% GARANTIDA!\n","header_size":"h3","align":"center","title_color":"#2daaa2","typography_typography":"custom","typography_font_family":"Montserrat","typography_font_size":{"unit":"rem","size":2,"sizes":[]},"typography_font_size_tablet":{"unit":"em","size":"","sizes":[]},"typography_font_size_mobile":{"unit":"em","size":"","sizes":[]},"typography_font_weight":"800"},"elements":[],"isInner":false,"widgetType":"heading","elType":"widget"}],"isInner":false,"elType":"column"}],"isInner":false,"elType":"section"},{"id":"31252668","settings":{"margin":{"unit":"px","top":"20","right":0,"bottom":"0","left":0,"isLinked":false}},"elements":[{"id":"13994414","settings":{"_column_size":100},"elements":[{"id":"264c8d22","settings":{"editor":"<div id=\"le_body_row_16_col_1_el_3\" class=\"element-container cf\" data-style=\"\">\n<div class=\"element\">\n<div class=\"op-text-block\">\n<p>Sabemos que oferecemos um produto eficaz e superior.<\/p>\n<p>O LIPOCAPS \u00e9 o mais potente do mercado. Confiamos tanto em nossa f\u00f3rmula que podemos fazer essa garantia.<\/p>\n<\/div>\n<\/div>\n<\/div>\n<div class=\"element\">\n<div class=\"op-text-block\">\n<p><strong>Garantimos os resultados do LIPOCAPS. Prova disso, que devolvemos o seu dinheiro se o produto n\u00e3o atender as expectativas*. Voc\u00ea ter\u00e1 30 dias ap\u00f3s a compra para devolu\u00e7\u00e3o. Seu risco por tentar \u00e9 ZERO.<\/strong><\/p><\/div><\/div>","align":"center","typography_typography":"custom","typography_font_family":"Montserrat"},"elements":[],"isInner":false,"widgetType":"text-editor","elType":"widget"}],"isInner":false,"elType":"column"}],"isInner":false,"elType":"section"},{"id":"66650107","settings":{"background_background":"classic","background_color":"#001514"},"elements":[{"id":"5cb8defc","settings":{"_column_size":100,"_inline_size":null},"elements":[{"id":"6a963d5e","settings":{"editor":"<p><b>Este site n\u00e3o \u00e9 afiliado ao Facebook ou a qualquer entidade do Facebook.<\/b>\u00a0Depois que voc\u00ea sair do Facebook, a responsabilidade n\u00e3o \u00e9 deles e sim do nosso site. Fazemos todos os esfor\u00e7os para indicar claramente e mostrar todas as provas do produto e usamos resultados reais. N\u00f3s n\u00e3o vendemos o seu e-mail ou qualquer informa\u00e7\u00e3o para terceiros. Jamais fazemos nenhum tipo de spam. Se voc\u00ea tiver alguma d\u00favida, sinta-se \u00e0 vontade para usar o link de contato e falar conosco em hor\u00e1rio comercial de Segunda a Sextas das 09h00 \u00e1s 18h00. Lemos e respondemos todas as mensagens por ordem de chegada.<\/p>","align":"center","text_color":"#FFFFFF","typography_typography":"custom","typography_font_family":"Montserrat","typography_font_size":{"unit":"em","size":0.8,"sizes":[]},"typography_font_size_tablet":{"unit":"em","size":"","sizes":[]},"typography_font_size_mobile":{"unit":"em","size":0.7,"sizes":[]},"_margin":{"unit":"px","top":"50","right":"50","bottom":"50","left":"50","isLinked":false},"_margin_mobile":{"unit":"px","top":"50","right":"10","bottom":"50","left":"10","isLinked":false}},"elements":[],"isInner":false,"widgetType":"text-editor","elType":"widget"}],"isInner":false,"elType":"column"}],"isInner":false,"elType":"section"}],"page_settings":{"hide_title":"yes","background_background":"classic","background_color":"#F4FFFD"},"version":"0.4","title":"Modelo Emagrecer by PerfectPages","type":"page"}